{
    "train_loss": [
        1.5786431733673418,
        1.2078623112323377,
        1.1016574300160245,
        1.0383836021305828,
        0.9966933659113667,
        0.9686558263585352,
        0.9433812008106688,
        0.9222319971110049,
        0.8988219463618127,
        0.8847625972724591,
        0.862889940464518,
        0.8367548048010939,
        0.816270186496029,
        0.7950126298750657,
        0.7672972757799601,
        0.7496129671490364,
        0.7146505094344788,
        0.6983436695138449,
        0.5127816569518632,
        0.43403518384052214,
        0.3950205148486146,
        0.35702010597568956,
        0.3080952874360774,
        0.30159286673389146
    ],
    "train_acc": [
        0.4468149954282231,
        0.5531850045717769,
        0.5889754865676841,
        0.6147951408542691,
        0.6310358340227282,
        0.6390908695084251,
        0.6483650455000654,
        0.6600775025035921,
        0.6648234423303,
        0.6683502416510646,
        0.6796272913310402,
        0.6873340009578961,
        0.6954761179083032,
        0.7032263682675143,
        0.7151565289328167,
        0.7243871641921017,
        0.7360125397309183,
        0.7423259459224104,
        0.8132102581965429,
        0.8439500152392563,
        0.8575347237340533,
        0.8731223059171855,
        0.8910610876474943,
        0.8950232942918099
    ],
    "val_loss": [
        1.37112293318978,
        1.1805672123638937,
        1.0540316585296956,
        1.1085618845638354,
        1.060928319024525,
        1.1090423353704082,
        1.012320323050209,
        1.076851071691895,
        1.0485226689046039,
        0.9766878228036422,
        0.9850250090800358,
        1.0619820501695565,
        0.9797450828452594,
        0.9735111808245376,
        1.0178894538656837,
        1.087320922123601,
        1.0465125105846886,
        1.0498461899380367,
        1.0048404528014296,
        1.0620238641669466,
        1.0878048234183546,
        1.145742211201514,
        1.1573441324230687,
        1.1631387192918132
    ],
    "val_acc": [
        0.4888540578195751,
        0.5496342737722049,
        0.6058864507140369,
        0.5841170323928945,
        0.6008359456635318,
        0.6036224312086381,
        0.6227795193312434,
        0.5983977708115639,
        0.6064089167537443,
        0.6372344130964821,
        0.6363636363636364,
        0.6241727621037966,
        0.6417624521072797,
        0.6414141414141414,
        0.6353187042842215,
        0.6241727621037966,
        0.635841170323929,
        0.6273075583420411,
        0.6664925113200976,
        0.6652734238941136,
        0.6677115987460815,
        0.6628352490421456,
        0.6652734238941136,
        0.6654475792406827
    ],
    "lr": [
        0.001,
        0.001,
        0.001,
        0.001,
        0.001,
        0.001,
        0.001,
        0.001,
        0.001,
        0.001,
        0.001,
        0.001,
        0.001,
        0.001,
        0.001,
        0.001,
        0.001,
        0.001,
        0.0001,
        0.0001,
        0.0001,
        0.0001,
        1e-05,
        1e-05
    ]
}